{
  "project_info": {
    "project_number": "930711858406",
    "firebase_url": "https://testpro-12d29-default-rtdb.firebaseio.com/",
    "project_id": "testpro-12d29",
    "storage_bucket": "jamrush-c63ee.firebasestorage.app"
  },
  "client": [
    {
      "client_info": {
        "mobilesdk_app_id": "1:930711858406:android:dcff0d0a7fbd77a9935f271",
        "android_client_info": {
          "package_name": "com.DefaultCompany.TestFireBaseLogin"
        }
      },
      "oauth_client": [
        {
          "client_id": "483185826596-13phvsuubldujfkai5bp9paf1p890s29.apps.googleusercontent.com",
          "client_type": 1,
          "android_info": {
            "package_name": "com.DefaultCompany.TestFireBaseLogin",
            "certificate_hash": "ba930b2312d2b752efd9b15a57507a5f827fccf3"
          }
        },
        {
          "client_id": "483185826596-ivu26htvqt2gh16sjp4p1be4ib7ifv87.apps.googleusercontent.com",
          "client_type": 1,
          "android_info": {
            "package_name": "com.DefaultCompany.TestFireBaseLogin",
            "certificate_hash": "f8042503aeb04b463af7cd8076fb8dd1a8e32812"
          }
        },
        {
          "client_id": "483185826596-s94ils4ldh2usr9kio8rnhin4bnectf6.apps.googleusercontent.com",
          "client_type": 3
        }
      ],
      "api_key": [
        {
          "current_key": "AIzaSyAkzKfjfXfIu2EWiKPjtA0x6snONbgWPSg"
        }
      ],
      "services": {
        "appinvite_service": {
          "other_platform_oauth_client": [
            {
              "client_id": "483185826596-c4u5270gfc03cug3o8nimorj4o869mnh.apps.googleusercontent.com",
              "client_type": 3
            }
          ]
        }
      }
    }
  ],
  "configuration_version": "1"
}